train_282,0.5295419688505285,1.047175893641331,1.1102631056063552,0.4890768612132353,0.5185413435393689,7.123992919921875,1
train_79,0.2746731033026004,1.2281374700020582,1.1058063039074222,0.26607211243872547,0.23956945082720588,7.737396240234375,1
train_152,0.3540151282216989,1.1732342758211904,1.0896397504354096,0.3432659672755821,0.31880780388327207,4.40777587890625,1
train_51,0.181167339070638,1.5134179509619763,1.0850655857764264,0.18767873726639092,0.13455882352941176,8.963958740234375,1
train_18,0.2642542731789982,1.2365685781770217,1.0603530605142537,0.26616569967830883,0.22823611988740808,7.165252685546875,1
train_268,0.2974534308938419,1.1169888714890925,1.1865048431543286,0.26367959415211395,0.28008973364736517,6.563934326171875,1
train_88,0.23282323985380288,1.372905794824776,1.088679738881441,0.23513829848345588,0.18645875220205269,6.00823974609375,1
train_206,0.21207843980976182,1.3106297522008532,1.0635516708828527,0.21619968788296567,0.17544202617570465,9.05364990234375,1
train_455,0.2883302435781442,1.0909581243935105,1.1193586176304993,0.26750566071155024,0.27446953268612134,8.40478515625,1
train_322,0.3079252316344018,1.1238687164025878,1.1483449132663233,0.28157276826746325,0.2877050063189338,7.22674560546875,1
train_494,0.1925229487400429,1.265623398143173,1.129556969109996,0.18442580279181986,0.16459829293045344,10.4832763671875,1
train_425,0.5755307643516392,0.872171296461123,1.1636383893571163,0.4812221751493566,0.6420396991804534,15.086090087890625,1
train_302,0.6477314016903148,0.882665699045272,1.169631347003036,0.5412274528952206,0.7171872606464461,2.1719970703125,1
train_24,0.5689048258463543,0.822175523798657,1.1915853931533669,0.4562906302657782,0.6613055659275429,8.591064453125,1
train_10,0.21938129200654874,1.0352268937972038,1.129151030639093,0.19890603458180148,0.21695239497166055,5.72637939453125,1
train_167,0.2980846066344018,1.0088208621489343,1.2219768635592074,0.24976154402190565,0.30253421559053306,6.085235595703125,1
train_39,0.19344241793763406,1.3922455918783698,1.1338425139437087,0.1890802121629902,0.15398661295572916,8.693450927734375,1
train_67,0.36316671178481164,1.0020169876325116,1.2745527274052386,0.2922902425130208,0.37178943110447304,16.663116455078125,1
train_43,0.4282389249315449,0.9522266714347273,1.1318105062678907,0.37771492752374386,0.4489495370902267,4.005035400390625,1
train_199,0.11800562989478018,1.2977854709567453,1.4811086862629328,0.08908458036534926,0.10166853362438726,9.33660888671875,1
train_229,0.2625870050168505,1.203171822974921,1.0627699237552084,0.26207472857306985,0.23149240531173407,7.39007568359375,1
train_435,0.2962728145823759,0.8778584943748294,1.41778614974696,0.2073083615770527,0.3348135555491728,6.461822509765625,1
train_101,0.576481146479588,1.0066312120889207,1.094067436818875,0.5331919352213542,0.5795051125919117,8.038055419921875,1
train_450,0.2373856723561006,1.0740644557115586,1.1557375760043813,0.21306355794270834,0.2292651606541054,7.926483154296875,1
train_252,0.2063109582639208,1.3495859749412071,1.1234945930934765,0.20179066377527574,0.16798538507199756,7.713897705078125,1
train_223,0.17144523088043812,1.4273425397976336,1.1685448895637025,0.16410594267003675,0.1343511843213848,9.990509033203125,1
train_280,0.18757216545553768,1.2972928827094354,1.0671828835918982,0.19015820073146447,0.156428497912837,7.087310791015625,1
train_409,0.2257151082356771,1.2616386677796658,1.0910473241982988,0.2228150012446385,0.19268727022058824,8.220733642578125,1
train_326,0.4773935467888327,1.036547479138729,1.1399130714139867,0.4293317607804841,0.47214517032398895,4.28338623046875,1
train_367,0.28558452794692096,1.1827452022640117,1.0433424180281952,0.28841074027267155,0.25441756902956497,3.634918212890625,1
train_462,0.2128786070580576,1.3618833055823085,1.1467105124832673,0.20491201363357844,0.1725366330614277,6.16876220703125,1
train_339,0.23683310534907326,1.213072793214237,1.2125075084717156,0.210592711205576,0.21049457624846812,8.064178466796875,1
train_480,0.22292392452464382,1.302700059707273,1.0709523855008416,0.2255270565257353,0.18540625478707107,6.962921142578125,1
train_122,0.5389710063859527,0.8774568085219702,1.2110115705177262,0.4355232986749387,0.6010822969324449,4.404205322265625,1
train_374,0.3210714061063879,1.0350521804146278,1.4599534547130866,0.23053289675245098,0.32516940247778797,6.015411376953125,1
train_477,0.22232702026367188,1.2461220828028585,1.1446866172336543,0.20962536381740196,0.19256166944316788,8.595184326171875,1
train_210,0.2922976201076134,1.1800909661394183,1.097668938466621,0.28201850442325366,0.26232126273360906,8.14739990234375,1
train_424,0.2661686964446423,1.20353463484062,1.0528620073141726,0.26788377948835784,0.2343469357958027,5.98443603515625,1
train_202,0.4933466575472963,0.8592329051785981,1.3638788473534211,0.3551285089231005,0.5637031106387868,16.230194091796875,1
train_228,0.7015208380605661,0.9905264182996271,1.0619244232592018,0.6631247127757353,0.7109233183019301,1.782470703125,1
train_64,0.313768767712163,1.1834165226714721,1.0992621363831432,0.30257221296721815,0.2810558842677696,3.43017578125,1
train_108,0.457665950460995,0.950465632908494,1.111762962962963,0.40996775907628674,0.4795407164330576,2.476654052734375,1
train_277,0.19264205495796954,1.4441370013298545,1.0514330649805854,0.20301956475949756,0.1478124880323223,8.62078857421875,1
train_239,0.32072420331169577,1.015154940414579,1.3298890565934491,0.24932975021063114,0.3266308354396446,8.802032470703125,1
train_125,0.23675360633999695,1.269970033146424,1.05008936101132,0.24216996735217525,0.200241029028799,7.433197021484375,1
train_293,0.2509965309891047,1.2735659259288452,1.0820900466509051,0.25018759334788604,0.21257282331878063,7.004058837890625,1
train_237,0.38886105765548407,0.9772056710666186,1.3576225264840076,0.2931874593098958,0.4073225432751226,11.447296142578125,1
train_3,0.23462299379834944,1.2692491478921981,1.209008496052779,0.2116586722579657,0.20161300359987744,6.26220703125,1
train_26,0.5461678851557713,1.0149963772187962,1.1122232091282693,0.4990038703469669,0.5468036128025429,5.429351806640625,1
train_219,0.24607293635349647,1.2987446045200803,1.0263955043954665,0.2582647585401348,0.204106170055913,8.003448486328125,1
train_354,0.3560069088804956,1.1136963234985409,1.1523320326299158,0.3237039603439032,0.33493371103324143,7.292755126953125,1
train_140,0.17666153570436965,1.3628172236831122,1.067331691405631,0.18124808517156862,0.14194994159773283,9.31463623046875,1
train_81,0.19182238159179688,1.10618446809691,1.1438789224805566,0.17523696001838235,0.18120835248161765,6.974822998046875,1
train_289,0.21476482394349342,1.4360942186689927,1.0644806921072307,0.22360181621476716,0.16574108647365196,8.053802490234375,1
train_105,0.18473466072830502,1.310940708123645,1.026749056116776,0.19427693684895833,0.1521607043696385,8.182525634765625,1
train_427,0.25310790800206806,1.304854136494454,1.2031710876238764,0.23094602098651962,0.21294914694393383,7.290496826171875,1
train_136,0.4147585617364622,1.096734999922086,1.076592837872087,0.39901015337775736,0.3916821049708946,4.205780029296875,1
train_498,0.5609195456710516,0.9392252011848384,1.247460016044517,0.451123046875,0.5991725547640931,4.401214599609375,1
train_336,0.25540272845099954,1.305519033047123,1.223851792259105,0.22953485227098652,0.21517621208639706,6.082611083984375,1
train_128,0.27531437114640783,1.1877362763832031,1.053664649827458,0.27593521417356004,0.2447876574946385,5.46624755859375,1
train_35,0.18840362070121017,1.322979393928343,1.251918868320627,0.16646130131740197,0.15752024931066178,7.77020263671875,1
train_34,0.1928773339365043,1.3935960329711665,1.128946878454462,0.18929760502833945,0.1533492742800245,8.49298095703125,1
train_449,0.18762978904574523,1.4058704135481752,1.0338782947231924,0.1994424857345282,0.14667017319623163,7.388031005859375,1
train_155,0.45130008281632966,1.0463939416107233,1.0807531820055742,0.42687431784237134,0.4408911013135723,4.868316650390625,1
train_484,0.18112504601572074,1.2715536250422068,1.1089446300298675,0.17658440085018381,0.154002410290288,8.344207763671875,1
train_193,0.33197303065879674,1.069661874049557,1.0658221138992312,0.3199541877297794,0.3188056497012868,6.15631103515625,1
train_236,0.21310706152822456,1.078606003283417,1.2236531642913087,0.181910675647212,0.20637338675704656,7.8817138671875,1
train_437,0.5826987118590113,1.033358186237685,1.0612727123796193,0.5581169577205882,0.5731935987285539,2.8426513671875,1
train_102,0.21557936311609607,1.3022637999782327,1.18988146251677,0.19857034122242648,0.18143418255974264,8.74298095703125,1
train_316,0.42567684649299176,1.131354276595667,1.081436499234489,0.4114367316750919,0.39328326056985297,4.482940673828125,1
train_433,0.2741602433746937,1.018048887090597,1.2248534758389378,0.2298599542356005,0.27655328488817404,6.9718017578125,1
train_464,0.3172538402482575,1.111424579210526,1.2249605348360246,0.27288405474494487,0.3007601270488664,6.12469482421875,1
train_120,0.2680280552882774,1.2372914986742993,1.056783782804406,0.27081442440257353,0.23130547018612133,8.76055908203125,1
train_175,0.18325283981024051,1.339043112193423,1.2283266255008236,0.16519601859298408,0.15153706868489583,7.277099609375,1
train_262,0.2512212699740541,1.0612179073825776,1.1470270361774917,0.22622728534773284,0.24451982086780025,8.121002197265625,1
train_195,0.3939182522642847,1.0737960666849797,1.1903141718874541,0.34428627163756126,0.3816449333639706,3.884490966796875,1
train_85,0.3141045701569203,1.1425620738412285,1.0996390119293251,0.2999311858532476,0.28866355746400124,7.43084716796875,1
train_376,0.1824202569699755,1.3870626277800333,1.2835296766808655,0.15944237802542893,0.14754130045572916,4.574188232421875,1
train_332,0.41453056820140166,1.1270351978683586,1.0526884225455155,0.40993760052849265,0.38289537616804536,3.91119384765625,1
train_209,0.37766794864430153,0.9732689130102328,1.0909324582330662,0.3466354070925245,0.38854196585860906,7.34906005859375,1
train_438,0.1488953250062232,1.5106267117837293,1.5882889809524643,0.10942574295343137,0.11505138920802696,8.841644287109375,1
train_240,0.33820380584118415,0.9958170810732805,1.17292387626315,0.2928973628025429,0.34498937270220587,7.803497314453125,1
train_353,0.36078465073529414,1.1186250803183655,1.1639206846900436,0.3255213718788297,0.3387024524165135,7.697235107421875,1
train_250,0.22578828190822225,1.3838420563489355,0.9708605372309422,0.2526544907513787,0.17725453096277574,7.398773193359375,1
train_158,0.3378630928189147,1.0527644660843969,1.1378523888203216,0.30573479147518384,0.3304452933517157,11.09173583984375,1
train_129,0.2844303452435662,1.046211857233151,1.0429573021466152,0.2776865042892157,0.2768226773131127,6.207611083984375,1
train_116,0.2778058848063151,1.0659488550861302,1.0688396371051303,0.2668081246170343,0.2675316904105392,12.391265869140625,1
train_308,0.4085630243637983,1.1086087509461389,1.047304421389627,0.40402443081724876,0.38168251187193625,6.670074462890625,1
train_391,0.4806210131476908,1.023399729785668,1.242112581100946,0.39851828182444854,0.48368643966375613,4.27508544921875,1
train_42,0.22816803828220744,1.1775834336480167,1.2692449727430786,0.19314658969056372,0.2081808651194853,4.41876220703125,1
train_426,0.5621081955853631,0.9954995243707861,1.0750491183257682,0.5263448079427083,0.5684046128216912,3.588409423828125,1
train_470,0.24988435477462467,1.3590089030117196,1.0094556985811227,0.2690851548138787,0.19987326229319852,6.27197265625,1
train_41,0.3353975080901502,1.0207547116082152,1.1707681626769,0.29313276702282476,0.3362125172334559,3.64166259765625,1
train_340,0.6018620707792394,0.9069255582242461,1.1208730535766207,0.5272610533471201,0.6516441195618873,4.088348388671875,1
train_286,0.340222694905599,1.1555417068939096,1.1360094229163178,0.3165499818091299,0.3111992929496017,5.78253173828125,1
train_166,0.21214937696269914,1.2276686351445203,1.1094685193162817,0.2048821542777267,0.18515607048483457,8.42913818359375,1
train_279,0.19058131899366193,1.4459946476937642,1.1749085464838867,0.18209276386335785,0.14795514275045957,8.412078857421875,1
train_232,0.19413597633511412,1.405302986677846,1.317537747224072,0.16625198663449756,0.15586906881893384,3.95135498046875,1
train_126,0.5447123942655676,0.8992519301025794,1.1898951795214265,0.45088094075520835,0.5966081806257659,3.5086669921875,1
train_50,0.6680370122572956,1.0588708031479201,1.0314676685379627,0.6609427657781862,0.6438378427542892,2.44732666015625,1
train_257,0.48455568584367337,1.0516391530773825,1.0770933420987405,0.4603894401999081,0.4715328440946691,3.080322265625,1
train_245,0.14125160330978095,1.0347228256466505,1.3957139192871932,0.1056799196729473,0.14254922305836398,11.538482666015625,1
train_92,0.3786201298134,0.9815178418725109,1.2287617021951789,0.3130123961205576,0.3918600643382353,6.0848388671875,1
train_38,0.17075037416944316,1.3312208333841753,1.26229069325323,0.14998067220052083,0.1422147264667586,8.578521728515625,1
train_13,0.18408799833409928,1.4317001486299785,1.3733633337322053,0.15251937567018994,0.14630474015778186,4.143768310546875,1
train_183,0.2701596686868107,1.1994988821043866,1.1339073414850491,0.25432691387101714,0.2404196944891238,7.59857177734375,1
train_309,0.27022005681056604,0.949346356333887,1.2201277584079468,0.2224951650582108,0.285957306506587,3.848114013671875,1
train_168,0.5460785192153034,0.959699180769088,1.0666911658332288,0.5091728060853248,0.565937894933364,4.4573974609375,1
train_132,0.5389965510948032,1.0614124206790168,1.1321446939073152,0.4911156149471507,0.5238434436274509,2.747833251953125,1
train_350,0.3924912325989967,0.976766113104202,1.1182916952383926,0.3527186973422181,0.4038248099532782,4.2916259765625,1
train_403,0.20756689734365427,1.3038184603179614,1.180415255119238,0.19261887494255514,0.17438797296262254,9.20843505859375,1
train_234,0.49501734678979015,1.0374048403813272,1.1183982281092668,0.4529626584520527,0.48832684685202205,4.616119384765625,1
train_261,0.23616949313294658,1.204372186960171,1.2683412232942686,0.2012698304419424,0.21196007822074142,8.968536376953125,1
train_58,0.3228064357383579,1.0315028725745432,1.140024594873061,0.2898630777994792,0.3203588149126838,6.562591552734375,1
train_130,0.24573732826382508,1.2734431432527553,1.1916425070615264,0.22476914349724264,0.21033091825597428,5.81427001953125,1
train_65,0.2018567665249694,1.0841970985384743,1.1771177084557654,0.17869855095358456,0.19401382745481005,5.1597900390625,1
train_440,0.23162006028119259,1.2353525785501833,1.065970919995577,0.23214739631204045,0.20031720329733455,10.31964111328125,1
train_398,0.30432773539225266,1.1717450000571354,1.21748007502905,0.2671108470243566,0.2775366091260723,5.07379150390625,1
train_119,0.3500629079182943,1.1794885237069068,1.0508877289001695,0.35102090274586395,0.31274874818091297,5.216796875,1
train_96,0.24575109623927696,1.0799377571729225,1.5052827154180075,0.1737536262063419,0.24218833773743872,4.2923583984375,1
train_222,0.34490605031929766,1.0858669575319424,1.4304352196905583,0.25595152611825983,0.33717029047947306,6.39373779296875,1
train_487,0.18267828632429534,1.5872521859341167,1.0732173710920854,0.19307604023054534,0.13054797602634804,7.3067626953125,1
train_348,0.2871295288684322,1.2133713769446748,1.038380137590944,0.29316651587392767,0.2508863262101716,3.527374267578125,1
train_15,0.16025706996543737,1.4570682399836488,1.0699304440493254,0.16665565640318628,0.12237584731158088,7.277679443359375,1
train_301,0.3639912364286535,0.7830226975608353,1.7331397568305729,0.2029888676662071,0.44929486443014705,8.594207763671875,1
train_430,0.22471862356148514,1.1237782423565525,1.312708564752528,0.18213123994715075,0.21275126139322917,7.659332275390625,1
train_334,0.2901535284304152,1.1391600309105625,1.132570173380952,0.2696371041092218,0.26807729683670345,5.550079345703125,1
train_255,0.332866951976103,0.9269691383216764,1.1897775735456182,0.2782772886986826,0.35717270795036765,7.0987548828125,1
train_315,0.5194750052059398,0.9983861222187247,1.1255521104260553,0.4672448850145527,0.5267585903990503,4.75653076171875,1
train_469,0.19651276544309132,1.3131790904758798,1.173842745289242,0.18360188802083333,0.16412060307521445,6.017486572265625,1
train_149,0.25134850505754064,1.2282372992511685,1.0871913180516453,0.24718460382199756,0.21879888796338848,6.905181884765625,1
train_226,0.48108105265299483,0.9225799746727441,1.1437516689168135,0.41613775515088847,0.5158991794960172,3.219329833984375,1
train_383,0.17591348051183364,1.2551356762018566,1.040248178799349,0.18090000526577818,0.14992873247931984,7.730377197265625,1
train_7,0.44092708506864664,1.0423868863314587,1.1617145249407121,0.3904931161917892,0.4351949654373468,2.783538818359375,1
train_384,0.40294154034782864,1.0707334794066576,1.0844916913293905,0.382501220703125,0.3874161065793505,7.732940673828125,1
train_265,0.37448846172257966,1.1158371505014548,1.0941090892749377,0.3568528717639399,0.3499040790632659,4.9573974609375,1
train_270,0.39429603289435894,0.8088117472626778,1.3925900693329798,0.27263141706878063,0.46940935920266547,8.1033935546875,1
train_294,0.2896230168959674,1.0652047430850249,1.1362996829933392,0.26330225327435663,0.28087583055683213,4.173126220703125,1
train_216,0.23790718383789064,1.0907992296468483,1.2604769672190246,0.19835342706418504,0.2292080149931066,6.711456298828125,1
train_269,0.14796081345502066,1.6579019221412044,1.1090090174471563,0.15332785213694852,0.10256455365349265,7.636688232421875,1
train_66,0.519897555960861,0.9787954282227482,1.136973904548354,0.4606065937117034,0.5350430357689951,5.595245361328125,1
train_459,0.22322403785855166,1.261330995612068,1.1006247153666953,0.21863893995098038,0.19078213560814952,8.45343017578125,1
train_448,0.38151933109059055,1.0226975566967065,1.1265031738362037,0.3453893923291973,0.3804470286649816,8.92987060546875,1
train_169,0.5310748584822114,0.981828173993215,1.0918075186827634,0.4883970372817096,0.5431047626570159,4.4334716796875,1
train_263,0.193399896180396,1.4726846578374895,1.2095098824667003,0.1808236514820772,0.14850972493489584,3.574371337890625,1
train_366,0.24241500908346736,1.1794091300833947,1.1449606590845445,0.22521769205729167,0.21863947849647672,8.5400390625,1
train_242,0.21093909870222505,1.3251316652879188,1.1694635021498985,0.198185759899663,0.1749041389016544,7.756866455078125,1
train_241,0.4285247319838581,1.0226026610270864,1.093030706904553,0.39855292825137867,0.4260018142999387,4.345306396484375,1
train_151,0.21791723459281173,1.2544792112063208,1.1137196969525025,0.21091404335171568,0.18724831973805148,10.431121826171875,1
train_355,0.16911011244829968,1.2899088541936308,1.286437127813766,0.14486867867264094,0.1444787717333027,7.55084228515625,1
train_153,0.3083744731828278,1.1348723176359492,1.1806410740398425,0.2758035098805147,0.2869265088848039,7.21533203125,1
train_307,0.3155757978252336,1.2123377702928826,1.079514101638073,0.31124441109451595,0.2771444881663603,7.592010498046875,1
train_379,0.5164846291934744,1.002089311534712,1.1188331857575247,0.4675809374042586,0.5220543356502757,4.44354248046875,1
train_135,0.24966224484911154,1.1389896753211908,1.2521540974638599,0.21198748420266544,0.23304951985677083,7.471893310546875,1
train_203,0.5449937292360792,1.0738237772476549,1.0517617454570318,0.532095157398897,0.5211631026922487,2.31182861328125,1
train_473,0.3591134444891238,1.1425636304764173,1.0893318059271206,0.34579766965379904,0.3296870212928922,5.442047119140625,1
train_466,0.20153125035903033,1.276555623636299,1.1353096863167986,0.19260523178998162,0.17129420860140931,11.37567138671875,1
train_182,0.54811563206093,1.1212089932965534,0.9860109113097161,0.5735021254595588,0.5043478573069853,3.330810546875,1
train_142,0.33863991806927846,0.912725393951701,1.2628224130160346,0.2668630562576593,0.369224578259038,5.06353759765625,1
train_160,0.26999910900639557,1.2108836887001742,1.3623772114408252,0.21597798665364584,0.2429989683861826,7.37689208984375,1
train_57,0.3036251171037263,0.9735515949941095,1.3657747436537058,0.22740550321691178,0.3190223245059743,9.678955078125,1
train_127,0.34074573986577056,1.1614402020899637,1.0471468813498055,0.34134252211626837,0.30775218290441175,6.667388916015625,1
train_352,0.88813872052361,0.9676901522358904,0.9761002265366219,0.8984080595128676,0.9062160117953432,1.594879150390625,1
train_49,0.18658213662540213,1.3583750820680558,1.162865888732558,0.1772638059129902,0.1517504523782169,6.071990966796875,1
train_310,0.1893086130777995,1.1387376132108262,1.8556429394326068,0.11198371438419118,0.18248434627757354,9.5748291015625,1
train_6,0.4216137190874885,1.1149489437755424,1.095977393071406,0.40105901979932596,0.39423475078507964,4.810089111328125,1
train_95,0.17352762660606236,1.5461680956495687,1.1517360869791469,0.17133567660462623,0.12762744379978555,7.196929931640625,1
train_414,0.5353449511958104,1.0397578356366524,1.0874878152499023,0.5026331284466912,0.5257064520143995,2.685394287109375,1
train_365,0.3449541032978133,1.0519193608900352,1.27951062279682,0.28073263729319853,0.34147141400505515,3.859893798828125,1
train_454,0.666987552538105,1.037583882048477,1.0516567053568728,0.6448200300628064,0.6535657695695466,2.00811767578125,1
train_93,0.18154098235485602,1.318013691275487,1.1609284498752657,0.1714544558057598,0.15101994533164828,6.430755615234375,1
train_465,0.21537154451258045,1.2458434608813385,1.0929904036398972,0.21158399394914215,0.18562466490502452,7.213165283203125,1
train_157,0.24323754344267004,1.115906385883833,1.3424856998476553,0.1927779852175245,0.23192060881969975,6.76300048828125,1
train_296,0.2513644969865388,1.268905459668147,1.0829464249618634,0.25014606550628066,0.2134869743795956,7.91217041015625,1
train_52,0.28332208790498625,1.154180701789927,1.159362499129947,0.2587680592256434,0.2599298215379902,4.55755615234375,1
train_123,0.1895030226165173,1.0107100003449225,1.548959317167232,0.12791550580193015,0.1960363649854473,9.774078369140625,1
train_486,0.24601961777630973,0.7379418663564205,2.1390590800106177,0.11001024433210785,0.31888475605085786,7.58990478515625,1
train_186,0.4887580452713312,0.9695728547079898,1.2053268377455824,0.4096094468060662,0.509206973805147,3.75274658203125,1
train_273,0.5080720574472466,0.9508251404416065,1.2072914875955585,0.42257307464001226,0.536553835401348,2.69927978515625,1
train_345,0.1825461027855967,1.3156119693908164,1.0766786879336465,0.18425825530407475,0.15079441444546568,6.909912109375,1
train_396,0.5874847466562307,1.0018758050435173,1.094423915012343,0.5424370260799632,0.5925445556640625,3.75616455078125,1
train_198,0.3738607080197802,1.0887849965177265,1.310415918489566,0.30075402353324143,0.36197491814108457,7.281768798828125,1
train_204,0.21958765198950675,1.2364073095039285,1.0472282497150822,0.22361863080193015,0.1894033992991728,6.139495849609375,1
train_218,0.4302450326358571,0.9939701648711727,1.1662045539667973,0.3743303485945159,0.4391940247778799,4.8343505859375,1
train_363,0.4312521386838427,1.1196047063226815,1.0853123166153713,0.41429892147288605,0.40160935345818016,3.39373779296875,1
train_483,0.2567840410419539,1.0597209079503762,1.2496360869722072,0.2139651429419424,0.2523103601792279,5.7294921875,1
train_295,0.3778703434364469,1.0201681108980745,1.2035572149517326,0.322074920055913,0.3799722708907782,4.8306884765625,1
train_131,0.5273325796688304,0.9317474722738411,1.124954828177014,0.46446730669806985,0.5607793471392464,4.289459228515625,1
train_103,0.47646027568742344,0.9126948907524446,1.1530395369185689,0.4077288459329044,0.5150981828278186,5.54681396484375,1
train_74,0.5272108773624196,0.9985040323630534,1.1446945881361832,0.46709062164905024,0.5354771632774203,5.050201416015625,1
train_121,0.6070467859006395,0.973750253562828,1.0649201313947376,0.5694073845358456,0.6227196188534008,2.81646728515625,1
train_281,0.316819407863243,1.24413814693874,1.1649175061327657,0.29395889581418505,0.27524102902879904,7.5006103515625,1
train_251,0.1606444124707989,1.3499821081573213,1.2352463327465948,0.1443764480890012,0.13210580863204657,7.971466064453125,1
train_117,0.1757170812270221,1.3522055891689297,1.134440363314196,0.17047262752757353,0.14301895440793505,7.73797607421875,1
train_246,0.18114782080556832,1.247014950403706,1.0444765203070887,0.18530901740579045,0.15521138509114582,6.920074462890625,1
train_87,0.4926396280326096,1.0573592041063429,1.1117893595456534,0.4557207294538909,0.4791800704656863,5.697845458984375,1
train_48,0.19204583225624236,1.1641617433071445,1.1073824187864678,0.183171111462163,0.1742373597388174,6.489471435546875,1
train_330,0.26064373976763555,1.1317669056620345,1.0450604481507986,0.25972337909773285,0.23982555912990197,3.712249755859375,1
train_319,0.41351055896235445,0.9839203798679912,1.1233587044440365,0.3709330240885417,0.4235005696614583,4.92437744140625,1
train_212,0.30051927562040437,1.1004079664490423,1.0702931333568246,0.2908966064453125,0.28293564740349264,6.9483642578125,1
train_104,0.3430347826789407,1.1891506273046217,1.057398169562843,0.34284111471737133,0.3048558852251838,4.1353759765625,1
train_274,0.5891878878724341,0.8473345703155634,1.268844649194718,0.450949156518076,0.6752756754557292,17.35357666015625,1
train_299,0.26591425697476256,1.2890064768687608,1.2171611745005784,0.23938808067172182,0.22604531680836398,5.703369140625,1
train_496,0.3392263945934819,1.078532106799905,1.447228275365989,0.24856555415134804,0.33353768142999385,4.921966552734375,1
train_112,0.38894783289292284,0.9964386160678977,1.191759629648382,0.33210120107613356,0.3971993839039522,5.6651611328125,1
train_259,0.22028314633836935,1.1613354431616167,1.0532893092372915,0.21952293246400123,0.19909937241498163,11.402069091796875,1
train_159,0.4458248252719057,1.003973316274271,1.102673804456102,0.4091396556181066,0.449362122778799,7.052520751953125,1
train_30,0.47229678799498326,0.9187297114136311,1.2717715727278849,0.37059535606234684,0.5130046769684437,3.59429931640625,1
train_442,0.37557360708199294,0.9122686842851189,1.0891030313944052,0.3382748472924326,0.4038461124195772,4.531768798828125,1
train_497,0.2622874496160769,1.074627932699764,1.1010149359204287,0.2459011900658701,0.2519391826554841,7.663909912109375,1
train_176,0.14058373808019303,0.6998490416982591,3.618279621845356,0.037154253791360295,0.1920906814874387,9.222503662109375,1
train_445,0.3835413503609452,1.151281236700613,1.0678431041148888,0.37670264150582106,0.34940143660003065,5.772216796875,1
train_94,0.3955059786329082,0.9629311624648851,1.2413526625701667,0.32204003427542893,0.41515455058976714,5.877410888671875,1
train_349,0.37107043780158544,1.0150879916687001,1.1799313213657556,0.321502685546875,0.3737125172334559,3.596588134765625,1
train_314,0.3636866029627183,0.9313811963812055,1.3246542635591734,0.27618468041513483,0.39280287798713237,4.341522216796875,1
train_493,0.17283817138671875,1.3708332315257885,1.1620768158784551,0.16466956045113357,0.13959296731387869,12.196929931640625,1
train_344,0.2864622125962202,1.3136299032162677,0.9830258927319123,0.3131466136259191,0.23433634440104167,5.851898193359375,1
train_110,0.20161139520383353,1.319019636048496,1.2182834370363178,0.18240470138250614,0.1684740851907169,6.211578369140625,1
train_33,0.27712475430357697,1.092230284318654,1.3832704232073432,0.2124126957912071,0.26901304955575983,6.29315185546875,1
train_264,0.28373745027429914,1.191699941592076,1.0557623683306039,0.28412798713235293,0.2517174215877757,4.028472900390625,1
train_99,0.21019245324228328,1.2818400788121425,1.1784129111170176,0.19451401654411765,0.17881936465992648,8.09100341796875,1
train_28,0.2532620491775812,1.077331525799491,1.1327596094234347,0.23164636948529413,0.24356444115732231,6.9910888671875,1
train_1,0.28180650754442405,1.1654103632594366,1.1896653804197321,0.2521630979051777,0.2574112237668505,7.74176025390625,1
train_138,0.4531043257769417,1.039579517883381,1.0700601944068313,0.43157228956035537,0.44422607421875,3.178375244140625,1
train_19,0.4401324344410616,0.9160224827237937,1.1138555866274116,0.38901295381433826,0.4730279660692402,5.2288818359375,1
train_180,0.43407195991067327,0.9986890680081337,1.071213652392718,0.4081481335209865,0.4377877628102022,3.623504638671875,1
train_400,0.4609259064319088,0.9824511059915504,1.2687236523455019,0.37026169720818014,0.47815079034543506,5.8880615234375,1
train_189,0.2257996619131051,1.3308668918546127,1.105041800684435,0.22335959041819853,0.1854593314376532,8.698211669921875,1
train_172,0.35750820115033316,0.9615878198259028,1.173683126132068,0.3061115339690564,0.37362988041896444,8.39715576171875,1
train_267,0.19437194106158087,1.369823249812624,1.2047220495033875,0.1792877197265625,0.15767864152496935,6.337066650390625,1
train_272,0.2816520852481618,1.180815104096402,1.1997139938031196,0.2510228774126838,0.2550404866536458,7.09027099609375,1
train_320,0.25804447135177316,1.2120813473448158,1.1796868558025992,0.23512345856311276,0.2288394703584559,7.424713134765625,1
train_436,0.17749218115713083,1.313858678514188,1.095876068586369,0.17631578632429534,0.14706319173177082,9.015472412109375,1
train_46,0.37113640812892545,0.9725442877442578,1.142702756366683,0.3266815185546875,0.3838384291704963,3.46942138671875,1
train_89,0.2814790042054419,1.3107097537648777,1.0622207224659326,0.2872709386488971,0.2328090892118566,5.6192626953125,1
train_499,0.34089506147796034,1.1112518799602455,1.1927361979911744,0.30033198337928924,0.32235430549172794,4.924468994140625,1
train_360,0.46169401179294967,1.0501374540207553,1.117966804914858,0.42413312126608455,0.4515282724417892,4.094940185546875,1
train_283,0.5323749468635111,0.9996216575184118,1.1574822454877003,0.46713478237974876,0.5409048641429228,3.043853759765625,1
train_468,0.2536818281585095,1.2566499644668434,1.0385886599656706,0.2613209443933823,0.21597499473422183,7.08892822265625,1
train_370,0.3346880053950291,1.0395467281734316,1.1594400522611437,0.29668932148054533,0.3309071858723958,18.774749755859375,1
train_78,0.18599394130332797,1.4027556052671717,1.1276330838199031,0.18301487342984069,0.14712015787760416,9.594696044921875,1
train_361,0.49006696561925556,0.9704074193552972,1.0924675783857594,0.44882555194929535,0.5052799000459559,6.29681396484375,1
train_90,0.4439765172621783,1.090595494237553,1.0926765173051136,0.42084212957643996,0.4216451607498468,4.025604248046875,1
train_111,0.5099478084788603,1.0592078221602268,1.020216067107924,0.5095096363740809,0.4907534730200674,2.8555908203125,1
train_416,0.3156073735854205,1.1116031051065773,1.2622257248518365,0.2642301671645221,0.3000334496591605,7.546875,1
train_154,0.29467794716030943,1.0449690744265887,1.4142555110530568,0.21846881941253063,0.2956745222503064,5.499755859375,1
train_37,0.4229933970133464,1.0819253854266653,1.0914051953865938,0.400457763671875,0.40396656709558826,8.08135986328125,1
train_292,0.4132745541441674,1.0762400222425785,1.1208787123529493,0.3814757702397365,0.3972980574065564,6.106658935546875,1
train_305,0.37118192844764863,1.0912533786603218,1.063980343784499,0.3603415096507353,0.3513357125076593,6.184356689453125,1
train_378,0.16901482693541284,1.376996534594608,1.1904733548490605,0.157765167834712,0.13639484480315564,8.390960693359375,1
train_412,0.4540946392582912,0.9580382501252482,1.101123250599276,0.41131178911994487,0.4727420582490809,2.994354248046875,1
train_271,0.18707945861816408,1.5657795239384122,1.069811645696205,0.1977020263671875,0.13507899864047182,3.549072265625,1
train_61,0.17287086091883044,1.442178919714824,1.1155183318280526,0.17285628973268996,0.13370349360447303,9.040283203125,1
train_76,0.3878436613793467,1.1316168224579553,1.0985197595501512,0.36969670314414826,0.3588839661841299,5.2137451171875,1
train_77,0.6453400673062195,0.8901571740017236,1.1408681245628736,0.5530369178921568,0.7087986366421568,2.204681396484375,1
train_253,0.4972953263825062,0.9829409651899031,1.1119006669921325,0.45007611443014706,0.5091251148897059,4.76214599609375,1
train_397,0.14769513884899665,1.2484530971186778,1.4821225528701563,0.11030512791053922,0.13095062854243258,9.80010986328125,1
train_399,0.19367123347263712,1.3754254676474633,1.0904683041376941,0.19539878695618873,0.15491656135110293,7.08050537109375,1
train_225,0.3171234550326478,1.0055653905220474,1.2801072146526693,0.2545016419653799,0.3239862778607537,9.047760009765625,1
train_12,0.6088432928945504,0.9772877286344297,1.0562116323395643,0.5759328206380209,0.6224440630744486,3.411773681640625,1
train_386,0.268504328290154,1.0173156572243842,1.16954955092798,0.2346514533547794,0.2697653377757353,5.274444580078125,1
train_392,0.23839277253992416,1.0241094929532384,1.6965446689315944,0.1485131357230392,0.2460275687423407,5.149993896484375,1
train_329,0.19208762619916134,1.3402465462742459,1.142651347230337,0.18476107728247548,0.1575213862400429,12.40264892578125,1
train_467,0.32250157811781943,1.0874841683329544,1.186668677583272,0.2836812337239583,0.3095545151654412,5.700225830078125,1
train_474,0.50016518722235,0.9422436823412699,1.1618279121912367,0.4294468300015319,0.5295268339269301,4.2615966796875,1
train_174,0.5539825443641812,0.992967937082025,1.0735323162470352,0.5189907298368566,0.5610990038105086,3.428009033203125,1
train_342,0.4614457678701364,0.9761191576030771,1.1436437239093564,0.4063331155215993,0.4760692521637561,5.3543701171875,1
train_456,0.4589471767649932,0.944334839032705,1.151739221685536,0.3974462172564338,0.48473738128063726,6.655029296875,1
train_91,0.19904910786946617,1.2783168281918242,1.0757493691124531,0.19963121601179534,0.1679968142041973,10.530792236328125,1
train_482,0.38931727318857234,1.046933484851621,1.042659109513572,0.3802594353170956,0.3787069283279718,3.89349365234375,1
train_375,0.2425453650979435,1.2798685284095888,1.195377024186233,0.22151321710324756,0.20688985188802084,5.64691162109375,1
train_113,0.22593669463512944,1.142129348594077,1.2504540210670756,0.19222519818474265,0.21045669854856006,10.8341064453125,1
train_32,0.3746171478869868,0.9357711593635938,1.2489954187191923,0.30059730679381125,0.4012141807406556,5.470855712890625,1
train_139,0.1929075605205461,1.1918259252522951,1.395312831465155,0.15034508798636642,0.17601432052313112,5.9146728515625,1
train_227,0.28750404154459636,1.0418622009865164,1.278830437600233,0.23342428768382353,0.2865158978630515,10.486968994140625,1
train_143,0.5866101226806641,0.954145163166668,1.08686122666058,0.5369052064185049,0.6115856095856311,3.99920654296875,1
train_331,0.21881917772480086,1.2181871542814569,1.3076068852464406,0.18196824017693014,0.19532542509191175,5.029449462890625,1
train_146,0.20242468513039982,1.1715861352283063,1.7879435609178462,0.12496714872472427,0.19071086808746937,9.5626220703125,1
train_220,0.4677404001273361,1.0391771832118344,1.0774887320461863,0.4427225150314032,0.4590444527420343,3.33685302734375,1
train_231,0.36930912074668737,1.0878038719575336,1.0917200097769588,0.3500838934206495,0.3513442095588235,4.3890380859375,1
train_443,0.2306989372702206,1.2198871082437936,1.1177678592465268,0.22095486510033702,0.20245828067555147,10.1431884765625,1
train_233,0.2883653904933555,1.1462594339227719,1.1017265839380086,0.2751323026769302,0.2644432516659007,5.329376220703125,1
train_346,0.29222951049804685,1.2187694861103238,1.1562247709869573,0.27149795831418505,0.257565247778799,6.09283447265625,1
train_214,0.21644102035223273,1.405961729000385,1.103784588364604,0.21716661640242035,0.1704919553270527,7.266021728515625,1
train_224,0.3044373749976065,1.040977529371507,1.1357144644249921,0.2750420663871017,0.30007300283394606,6.27410888671875,1
train_420,0.39060286027496943,0.8084733664383214,1.4004414779934804,0.2686423507391238,0.4653435800589767,4.927337646484375,1
train_387,0.2735940086813534,1.1643183133627477,1.15246126794031,0.25182387408088236,0.24925938026577818,6.279022216796875,1
train_492,0.3465523847392961,1.1331356016742617,1.0970330124858683,0.3308590758080576,0.32031764610140934,7.311767578125,1
train_347,0.28672306907504214,1.191747719207467,1.158493671186951,0.26433578192018997,0.2569598628025429,9.034820556640625,1
train_481,0.21560722201478247,1.3183766171041378,1.0747885855398547,0.2180810068167892,0.17778757132735906,7.823944091796875,1
train_288,0.28628235497568166,1.0782050793187337,1.1118203978441739,0.26631894579120713,0.27462200089996935,7.149383544921875,1
train_490,0.24726297403971353,1.2494161756919788,1.0695092558117747,0.247821044921875,0.21213660146675858,3.92181396484375,1
train_258,0.47945539520862057,1.0081762130561547,1.0708711364596268,0.4522331686580882,0.48035595463771447,7.65020751953125,1
train_422,0.2911047280704274,1.0743561077972583,1.1416133506553747,0.2641974954044118,0.28073688581878065,8.617919921875,1
train_324,0.3016596535476984,1.1406947696040122,1.1548341359828729,0.2755904852175245,0.2790065391390931,4.1180419921875,1
train_56,0.261326955578374,1.0443927624778688,1.1478989809282263,0.23406964470358455,0.2572674919577206,7.667205810546875,1
train_372,0.1845492919921875,1.3521026116406536,1.1296469130236595,0.17971329034543504,0.1501458261527267,5.37347412109375,1
train_417,0.47501973434149053,1.067576784569276,1.0697264122326495,0.4560781441482843,0.4569964838962929,3.439666748046875,1
train_177,0.3522976760565066,1.0734940223931582,1.4390764045275937,0.25912559359681375,0.3473717783011642,5.670745849609375,1
train_211,0.47830056373745783,0.8916109883091103,1.1594341551494123,0.4041742661420037,0.5255806118834252,19.5450439453125,1
train_404,0.24585995339786304,1.3049514870342107,1.1064108057026412,0.2417568431181066,0.20497496361825981,7.253082275390625,1
train_393,0.46021849520814184,0.9450571150150734,1.1080159350305379,0.4127658021216299,0.483940154430913,4.956268310546875,1
train_173,0.2780141042671952,1.0343007204117673,1.2272215146718866,0.2337924134497549,0.27740005792356004,4.7901611328125,1
train_390,0.4559842207366345,0.9732954381455196,1.1250830273502639,0.4071093390969669,0.47059894636565563,4.390838623046875,1
train_98,0.217934298287186,1.3454072560096284,1.0555132740234052,0.22510130639169731,0.17659888174019608,6.85821533203125,1
train_22,0.24316411886776196,1.0495390975061478,1.1211212297427784,0.22278161142386643,0.23797607421875,7.161285400390625,1
train_47,0.23719872969085096,1.0604282235280664,1.304648568615552,0.19011038985906864,0.2338934804878983,8.255401611328125,1
train_413,0.6263285049737669,1.0088600503335676,1.0773140524939018,0.5877313950482537,0.6276106292126226,4.2376708984375,1
train_221,0.2551888553993375,1.040505670365333,1.12448804378504,0.2325802672143076,0.2513525270948223,2.795745849609375,1
train_17,0.5226846101648667,1.1280747081944338,1.0276889809317058,0.5281531838809743,0.48115360035615806,3.4488525390625,1
train_359,0.31014211940391395,1.2420798605085004,0.9998065275602853,0.3293899835324755,0.2651409672755821,8.010772705078125,1
train_471,0.30524311314003144,1.1145988507971571,1.1616480088998005,0.2756123860677083,0.2872464647480086,6.6982421875,1
train_475,0.24895979027841605,1.1650314154443508,1.1001011403461314,0.23890309053308822,0.2255883908739277,9.995941162109375,1
train_11,0.23466791489545039,1.3471265209796057,0.9643489412636439,0.26245865167356003,0.1878826664943321,6.85076904296875,1
train_2,0.20963750430836398,1.3446099743816076,1.020705979968378,0.22298823337928922,0.1692724489698223,6.847198486328125,1
train_207,0.3663343219831878,0.7862118197429104,1.5437849807003938,0.22791760014552695,0.4475330427581189,5.35296630859375,1
train_431,0.20918528262867647,1.4514726239378763,1.0314369405778216,0.2244652841605392,0.15950820025275736,7.400543212890625,1
train_290,0.38371132256002993,1.0632516293526155,1.022786274201578,0.382946897020527,0.36837265912224265,2.983795166015625,1
train_72,0.66492424214681,1.0455820000932017,1.0393730105449848,0.6510335286458333,0.6471674900428922,2.20758056640625,1
train_458,0.4766893448175169,1.0994865501330935,1.055674942668772,0.46699140960094976,0.44838304706648285,4.1943359375,1
train_381,0.28735094203574985,1.100588654309376,1.2458025450952783,0.2427490234375,0.2747778200635723,8.853912353515625,1
train_171,0.27555933496811813,1.1446690131081956,1.1362842831775308,0.25566627652037377,0.25379351447610293,6.598663330078125,1
train_54,0.15105687202004828,1.3066791957806911,1.0194776270651802,0.1597277473000919,0.12462038526348039,7.3321533203125,1
train_97,0.5486921964757583,1.0395826583661059,1.0580711469601292,0.5278904933555454,0.537278777477788,2.87353515625,1
train_411,0.5430357905967563,0.9627911190264324,1.1537145061900413,0.4724010991115196,0.5660791733685662,4.875885009765625,1
train_55,0.3238253754260494,1.118424826427495,1.116771013084273,0.3031781963273591,0.30272988712086396,8.511383056640625,1
train_165,0.21113315501493568,1.2934555857656354,1.3171475207087462,0.1771782968558517,0.18042363185508578,6.518402099609375,1
train_70,0.16369827892827055,1.1863206451292454,1.3465250021709785,0.13161268047257965,0.14938605813419117,6.798858642578125,1
train_338,0.42587834658155255,0.9766974270383898,1.1888528626640882,0.3622016457950368,0.4408780565448836,3.4332275390625,1
train_447,0.18544391509411384,1.3183987530588244,1.0863630317799906,0.18580220540364584,0.15310136383655024,9.814544677734375,1
train_235,0.2391634506524778,1.2608062678772756,1.0818591474169144,0.23782827339920343,0.20407313926547183,7.52642822265625,1
train_213,0.31837511100021065,1.0950071903278404,1.2094688447660555,0.2758374382467831,0.30467086492800244,5.814697265625,1
train_260,0.31664420842189417,1.2077917685164,1.0425712384573298,0.32176429898131126,0.2777483771829044,6.63128662109375,1
train_394,0.19977469997032016,1.2843509780350868,1.1270743190326378,0.1924652099609375,0.16889666389016544,11.0625,1
train_382,0.2339075866100835,1.1602834916585452,1.0877535490928114,0.22647453756893382,0.2123174929151348,6.673004150390625,1
train_441,0.2720826274797028,1.181238577724891,1.1052891885477918,0.26097047095205267,0.2441910089231005,9.22442626953125,1
train_208,0.19938843593223424,1.4622627405837823,1.0855575302396832,0.2048803591260723,0.15209948969822304,6.87689208984375,1
train_389,0.4148677359786689,1.0539335318301342,1.1494289079933586,0.37214319565716913,0.40586254643458947,5.840972900390625,1
train_317,0.19117062395881204,1.3106296964730129,1.1076990998894198,0.18798911898743872,0.15888193167892156,9.9427490234375,1
train_461,0.3323977957332836,1.229373433228024,1.0045917130033455,0.35062118231081496,0.286512726428462,6.921905517578125,1
train_491,0.3867111459769455,0.9834620757478908,1.2678153387851478,0.3109462962431066,0.4008517396216299,11.15966796875,1
train_124,0.1527564693076938,0.7332130585060463,2.859994041954378,0.05162251790364583,0.20136042576210172,6.1485595703125,1
train_451,0.4313298666561351,0.9705859876924798,1.1529919186661466,0.3763790953393076,0.4471134559780944,8.7926025390625,1
train_21,0.1902640511307062,1.361856439732804,1.1051006102824146,0.18925673540900737,0.15357546338848038,6.440765380859375,1
train_179,0.6040891277238435,1.070633861021044,1.0355375906867557,0.5974815219056373,0.5778955796185662,2.7010498046875,1
train_479,0.19010485103831573,1.4007895649749642,1.1669035822359837,0.18138924392999387,0.1511031805300245,8.782196044921875,1
train_368,0.20899494467342605,1.3088937477224218,1.030203971252264,0.2190569709329044,0.17241534064797795,6.254913330078125,1
train_439,0.19582903418447456,1.2870822856050708,1.054402332117593,0.20025862151501225,0.16405567842371324,5.68310546875,1
train_197,0.2768983805338542,1.2831661295005479,1.2714339059372581,0.2394076478247549,0.23721869973575369,4.442108154296875,1
train_418,0.4758136064716414,0.9285245855307743,1.146355789232497,0.4115835152420343,0.5081407135608149,7.375946044921875,1
train_100,0.4087723745907055,1.08943867572887,0.9787564263011911,0.4270711263020833,0.3836825501685049,3.857940673828125,1
train_170,0.38856297134698614,1.057089645263407,1.205890254093255,0.33411949008118874,0.38115162568933825,6.6163330078125,1
train_161,0.34082786165125234,1.069547541590285,1.291202509177807,0.2764437806372549,0.3337344898897059,4.62957763671875,1
train_141,0.4911439074946385,1.0065110894193583,1.0693170552841815,0.4636290905522365,0.49255939558440565,4.16973876953125,1
train_423,0.17181230133655026,1.3936821252034823,1.1511576812940063,0.165730255725337,0.13689036649816178,8.2723388671875,1
train_405,0.3383528778674556,0.9610145426118316,1.4048592550780457,0.24594146130131742,0.35952956255744484,7.249725341796875,1
train_238,0.19664534846287152,1.398505095617861,1.103557793460655,0.19709299124923407,0.15552571614583333,7.960357666015625,1
train_303,0.19359834546855856,1.447639887716731,1.0661237165466853,0.20166177188648898,0.14851511038985907,8.94732666015625,1
train_59,0.3328649470908969,1.0943875310646756,1.1915325944988933,0.2922506294998468,0.3181927250880821,6.931671142578125,1
train_358,0.32838629551307824,1.1320916521087487,1.19496605952485,0.2903372970281863,0.30646212708716297,7.241180419921875,1
train_84,0.270088985787186,1.1092408410938155,1.030050328522682,0.2710938098383885,0.25173998066023284,10.058303833007812,1
train_137,0.25374136681650206,1.0781256208514858,1.1357725119169184,0.23158222273284312,0.2439648198146446,7.9427490234375,1
train_109,0.19685527726715688,1.2902865379844373,1.0888317697739702,0.1957861208448223,0.16521768008961396,7.494873046875,1
train_145,0.23187185722799866,1.2150205002913568,1.1417504887483425,0.21768391927083333,0.20455681295955883,7.654571533203125,1
train_284,0.7911550941018498,0.9723990879819826,1.1083650811606482,0.7157066794002758,0.815780579810049,2.803680419921875,1
train_321,0.4004637195661957,0.9413906783135628,1.3663121258369815,0.29664270737591913,0.43054019703584556,9.956451416015625,1
train_453,0.6562165346033434,0.9758763971862852,1.0972081338314088,0.5997028425628064,0.6742645263671875,3.117218017578125,1
train_311,0.3301686260148591,0.9723572268706522,1.3525840956690884,0.24939341825597428,0.3469152712354473,8.998626708984375,1
train_243,0.1880472847134459,1.2681814828863311,1.0846264577171945,0.18685165106081494,0.15980697332643995,6.124237060546875,1
train_217,0.38325203785615813,0.963256501242883,1.203332566591869,0.3210146436504289,0.4010223388671875,4.168212890625,1
train_205,0.41326912620394834,1.061938341470382,1.06348270020918,0.39825523226868875,0.39883440803079045,4.54107666015625,1
train_192,0.15550437053605623,1.2970047404534963,1.0877582228454132,0.1549965652765012,0.1299908806295956,8.098968505859375,1
train_14,0.5133603766946232,1.077432698707931,1.127940047177099,0.471354585535386,0.4934505088656556,2.77606201171875,1
train_69,0.17556748238357844,1.2888456223084344,1.2062544691948538,0.15933000153186275,0.14911989698223038,8.750762939453125,1
train_150,0.4999170143875422,1.03259179975269,1.0851640683979902,0.4693112242455576,0.49320523131127453,4.339752197265625,1
train_351,0.487961419617896,1.0320690997755713,1.1445721698809361,0.43667129815793504,0.4842716591030944,4.586517333984375,1
train_298,0.27407669342639407,0.9988268380602019,1.261623790163765,0.222421204810049,0.2809414732689951,5.93768310546875,1
train_341,0.4050912205714806,1.0927413060311184,1.1320073777438275,0.3722469554227941,0.38562310910692404,3.649810791015625,1
train_31,0.14640361040900735,1.4358071622964275,1.4060557164591538,0.11881875430836397,0.11635670381433824,5.458526611328125,1
train_428,0.19941060707241884,1.2599101792633691,1.1210195844621398,0.19209612678079044,0.17091973996629903,8.664642333984375,1
train_328,0.5352285061106963,1.0263885926655234,1.0283144979786731,0.5261877321729473,0.5271750655828737,4.071044921875,1
train_25,0.18206650073481542,1.3775506636157095,1.2131817239456872,0.1671161128025429,0.14717586741727942,10.8018798828125,1
train_107,0.28855857849121097,1.1168778865194962,1.1318382673649772,0.2668394200942096,0.27041368671492033,8.304718017578125,1
train_249,0.27497722814223347,1.1436325599670563,1.1424026843327721,0.2538402482575061,0.25356726552925857,9.829071044921875,1
train_444,0.16450350611069625,1.1196437305267735,1.5707898256303388,0.11301951688878677,0.1585592830882353,6.515167236328125,1
train_429,0.1921978655646829,1.4139837398373984,1.0040585646661977,0.20989176432291667,0.14904246610753677,8.882110595703125,1
train_40,0.29702790862438727,1.1538235462197222,1.1057984774793825,0.2829757391237745,0.2711975696040135,6.066375732421875,1
train_421,0.43181064686494713,1.0377858093616197,1.0906823243247805,0.40413896149280026,0.4247381472120098,4.690338134765625,1
train_83,0.2729847074620864,1.196022210175608,1.0722512434308737,0.2698892630782782,0.24195963541666668,5.879791259765625,1
train_275,0.3787585391773898,1.1713853067175983,1.0765926181801235,0.3710540771484375,0.34102705413219975,4.361328125,1
train_190,0.29212400919596354,1.16166482964579,1.2197782730455131,0.255360382678462,0.268135040881587,8.337493896484375,1
train_82,0.2908289537616805,1.2563436019783703,1.2293639592376797,0.25777779373468135,0.2522420845779718,6.40118408203125,1
train_230,0.5594334884344363,0.9905230082899057,1.03042303226977,0.5431906905828737,0.5650713752297795,9.18890380859375,1
train_75,0.3479856023451861,1.108601500008309,1.12623718706363,0.3225500368604473,0.3276811786726409,7.529052734375,1
train_485,0.18645349013384652,1.2725448219485949,1.0976896367956928,0.18347036324295343,0.15826045017616422,6.58148193359375,1
train_16,0.1848796159332874,1.3839098943986214,1.4659357523104712,0.14318141563265932,0.15166793524050246,8.61480712890625,1
train_402,0.24131497012867648,1.2186634786385198,1.1942870347269772,0.21778037875306372,0.21342420391007966,8.9564208984375,1
train_201,0.28152218532188267,1.3310149533684155,1.0441084449770446,0.2928128111596201,0.22969563802083334,5.41546630859375,1
train_357,0.2226108855602788,1.3176737551360926,1.0885323050299935,0.22261693617876838,0.18390419155943627,5.19158935546875,1
train_20,0.4111902432909199,1.0630536147997955,1.0365150977459807,0.40552505792356003,0.3954013600068934,6.07598876953125,1
train_8,0.18847458717495788,1.3047255783085032,1.6288974872128827,0.13057209089690563,0.16301401175704658,9.23468017578125,1
train_385,0.5379798127417471,0.9991681267279096,1.142096743302098,0.477702361462163,0.5460365445006128,4.9241943359375,1
train_63,0.3194556729784199,1.1929099684694084,1.129941884487274,0.3012331495098039,0.28533247405407475,5.718597412109375,1
train_215,0.46472592522116274,1.072636779541235,1.0971051286308144,0.43684584673713234,0.4468109130859375,3.907989501953125,1
train_133,0.47282543239219516,1.0635759605489548,1.0722810855584608,0.4525181190640319,0.4562218759574142,3.14581298828125,1
train_254,0.3503492352055569,1.1296479591817934,1.1037798010938005,0.3323769962086397,0.3247657925474877,5.1884765625,1
train_188,0.4340061162612018,1.0222333571544089,1.125898660645096,0.3930416331571691,0.43290022307751225,5.303802490234375,1
train_333,0.2721845064649395,1.2747824132507528,1.18675465328098,0.24994488884420957,0.23268540326286766,6.984771728515625,1
train_419,0.37982292887369795,0.8464738389075065,1.6163810466097648,0.23248249128753062,0.443936097388174,8.03717041015625,1
train_45,0.23112126177619485,1.3313867648851083,1.2944013907430925,0.19847124885110295,0.19295779957490808,6.4820556640625,1
train_36,0.4795043367872051,0.9521053814092978,1.1836429624334894,0.40618381874234066,0.5049615598192402,3.901031494140625,1
train_401,0.25763159837909777,1.2439791895733325,1.1308659106877386,0.24544976926317402,0.22313136680453433,8.170623779296875,1
train_327,0.2556413861443015,1.344387733100585,1.0944036935355872,0.2556881773705576,0.2081438849954044,9.40618896484375,1
train_162,0.32644611948050706,1.0173035826375576,1.2063100922393901,0.2774355420879289,0.3289807487936581,5.80450439453125,1
train_23,0.516073956119313,0.9994756453998691,1.1620267795914725,0.45121693330652574,0.5246012369791667,3.9324951171875,1
train_248,0.3530891213211359,1.1594347344321643,1.0894016997824654,0.341340726964614,0.32072281182981005,4.576171875,1
train_408,0.20111615403119257,1.159731053682079,1.2954343213826147,0.16643084357766544,0.18590536678538602,8.1884765625,1
train_60,0.42749701520134425,1.0972513303121507,1.0829832402855577,0.4091573079427083,0.4038368374693627,3.745941162109375,1
train_495,0.3236399597766353,0.9639224495140635,1.0838936811567652,0.29788495232077206,0.33496015960094977,2.76812744140625,1
train_53,0.28219919631060436,1.1863030060579711,1.0708619797196144,0.2787153057023591,0.2515930774165135,4.069366455078125,1
train_9,0.564194736555511,0.9743379529835273,1.1309808710915883,0.5015262379365809,0.5821558933632046,4.156402587890625,1
train_276,0.17889828676709943,1.2880334030346265,1.1946793729036427,0.16373542336856617,0.15186821432674633,9.86541748046875,1
train_291,0.16710661375756358,1.291593998146684,1.020852020529337,0.1759824266620711,0.13909325693167893,11.58880615234375,1
train_362,0.32967723227108225,1.0691942626773085,1.145399698219689,0.2979027841605392,0.3191354190602022,7.731536865234375,1
train_148,0.2691917379341873,1.1554572953971323,1.298113837827499,0.2221221923828125,0.24954612582337624,8.107147216796875,1
train_194,0.3634954772350836,1.103319580389423,1.1037350587606511,0.3425954182942708,0.34272442985983453,6.14208984375,1
train_184,0.3947199703440947,1.1884021195101835,1.0434640885957727,0.3990911147173713,0.3504177916283701,5.23602294921875,1
train_325,0.4005744058646408,1.0987787207552275,1.1362964796622976,0.3674268535539216,0.3799726299211091,3.547332763671875,1
train_4,0.18013715407427622,0.7891790558250554,2.3177093671899054,0.07656884286917892,0.22487206552542893,7.682098388671875,1
train_313,0.4203393456552543,1.1288471027711418,1.0675641615135234,0.4107170553768382,0.38842001522288605,3.7177734375,1
train_476,0.8117028834324258,0.9807918846793391,1.0408564701781946,0.7787659289790135,0.8264582615272672,2.35736083984375,1
train_297,0.24044155028100112,1.0370710130847096,1.2340427112724401,0.20134576535692403,0.23958752202052697,6.787750244140625,1
train_287,0.23388337785309435,1.2288077946328957,1.3300233690378485,0.19196699553844976,0.20777911017922795,7.672576904296875,1
train_247,0.22916430442660465,1.2611161001345816,1.1151213765130426,0.22185160319010416,0.19616866766237745,9.309722900390625,1
train_256,0.21869607896991802,1.2349613737739216,1.12108767826368,0.20957773246017156,0.19025292490042892,7.21197509765625,1
train_432,0.3863581463383694,1.1297577790985,1.0898529189112236,0.37072023877910537,0.35762580422794116,3.983428955078125,1
train_191,0.5560727165072572,0.9938597371981442,1.1595266701185996,0.486297487745098,0.5673586377910539,3.8824462890625,1
train_187,0.3191603200276693,0.9560817148895067,1.3436433080449501,0.2412539613013174,0.3390497544232537,10.312103271484375,1
train_144,0.27953709998037307,1.1666856865777513,1.0884051351123312,0.2709133970971201,0.25273605047487746,7.719482421875,1
train_312,0.3554550132601869,1.1038925543526283,1.0890523123792528,0.3390924191942402,0.334533811083027,6.252166748046875,1
train_343,0.6170608524696499,0.9829721051355701,1.0624105617731336,0.5816946590647978,0.6287040560853248,2.15399169921875,1
train_306,0.48665423284792436,1.0127959939139062,1.1187070154099819,0.4420318603515625,0.48825641706878065,7.67431640625,1
train_106,0.14664175576602712,1.2235537901297195,1.5040259002739238,0.10747692631740197,0.13211358762254902,9.757110595703125,1
train_5,0.6047368367513022,1.0331155257366824,1.0601392720226235,0.5797369265088848,0.5949014102711397,2.8502197265625,1
train_86,0.22344311750823379,1.3652604691175003,1.1602073593987017,0.21297864726945465,0.180990660424326,6.078216552734375,1
train_388,0.46957350894703587,1.08570509440032,1.0205332017211268,0.4723581351485907,0.44400377460554535,3.666473388671875,1
train_278,0.16198717531690415,1.4800986965324865,1.1315570726547621,0.1608908858953738,0.12300343232996323,13.5771484375,1
train_463,0.2775978538961972,1.138911583828636,1.0648922553917317,0.27251293705958946,0.254801970837163,13.4849853515625,1
train_27,0.500290717869179,0.990338400746263,1.1422047476594461,0.44299968644684434,0.5109327727673101,4.59722900390625,1
train_415,0.2727953926236022,1.5353077936606285,0.9185792189146414,0.32784022910922184,0.1961477840647978,8.038238525390625,1
train_434,0.2937959835276885,1.0766331443386168,1.158692097101744,0.26327185537300857,0.2833379408892463,8.182861328125,1
train_29,0.3450513173421224,1.153706973679806,1.0912709428235214,0.33261329800474876,0.31461301317401963,5.16522216796875,1
train_300,0.17712070797190949,1.3441962185304603,1.1753945452228767,0.1662467208563113,0.14536976533777574,6.9232177734375,1
train_407,0.1876331897810394,1.390527150404316,1.4012216847865349,0.15158398198146447,0.15274981330422793,4.89971923828125,1
train_472,0.12216463838465072,1.5319281902682407,1.6846665778382435,0.0853277468213848,0.09383520986519608,8.262359619140625,1
train_73,0.15250365917729397,1.3739146464670646,1.364150975688373,0.1258663401884191,0.12497187595741421,9.482025146484375,1
train_115,0.2769441347608379,1.0884396359766988,1.4260363991283056,0.2062402463426777,0.2702089197495404,6.84820556640625,1
train_457,0.2928768415862439,1.0917044781436092,1.1138264115275553,0.2729832069546569,0.27851484710094976,5.855010986328125,1
train_318,0.2453448857326134,1.2027864306050844,1.1840533805530737,0.22235705805759803,0.21889391132429534,6.801177978515625,1
train_178,0.32161268059225645,1.1742811734327727,1.0530037019143803,0.3215377508425245,0.288329958448223,3.545745849609375,1
train_373,0.24141119863472735,1.2395716499188107,1.11164107968259,0.23332082711014093,0.20924084233302695,8.077423095703125,1
train_395,0.41638838363348274,1.0924554732536707,1.0991379881596952,0.3928107168160233,0.39521352730545345,5.872772216796875,1
train_285,0.6824259794347426,1.0199325135037813,1.0757277892328,0.6433071360868566,0.6784991694431679,2.3580322265625,1
train_377,0.22791260717055378,1.1388780648578458,1.1606053464840993,0.20719712201286763,0.21114998611749386,5.445831298828125,1
train_164,0.15646301496917125,1.371082434482315,1.3580510959353198,0.12959379308363972,0.1283620796951593,7.915191650390625,1
train_478,0.17650589270498238,1.4845921272579974,1.3718689834912066,0.14763147690716913,0.13642201143152574,4.017547607421875,1
train_62,0.5696508231368721,0.9270919413394582,1.1137517857878514,0.5054699467677696,0.6072408040364583,3.622100830078125,1
train_452,0.6679895899753945,0.9729259980996332,1.0888507171142139,0.6140844008501838,0.6872529272939645,2.52508544921875,1
train_460,0.42110529701382504,1.0822240210979976,1.1000236232361356,0.3959127388748468,0.40242441214767155,3.925048828125,1
train_44,0.2779831715901693,1.233235991695072,1.0001110991504063,0.29461610083486517,0.2389233159083946,4.26666259765625,1
train_337,0.5659731204762177,1.0052684216109797,1.1084147311073553,0.5171922870710784,0.570259183995864,2.8912353515625,1
train_446,0.20205195055194933,1.2948882757377564,1.4409841782557915,0.15631528368183212,0.17395157159543506,6.64215087890625,1
train_489,0.22324107576258045,1.3700048929159634,0.934631241932303,0.2576028861251532,0.17573930328967524,5.73944091796875,1
train_323,0.22038617356244256,1.3317803984056418,1.1789190498187834,0.2058325075635723,0.18220711502374387,8.15313720703125,1
train_118,0.6052062757305071,0.994414567924715,1.1484582002846317,0.5339445824716605,0.6166573318780637,2.3505859375,1
train_335,0.3820082487816905,1.233204250312283,1.0452040340143507,0.38942577885646446,0.33005837833180146,5.21484375,1
train_244,0.2524212828393076,1.0593746746459358,1.1736554557455858,0.22255631989123775,0.24656473795572917,8.122955322265625,1
train_68,0.42718576917461326,1.064666335158639,1.1929452935701967,0.3716971004710478,0.4164819455614277,5.942138671875,1
train_488,0.23502694313198913,1.2448111164715652,1.141628603370983,0.22206881654028798,0.2036615109911152,9.12225341796875,1
train_200,0.19277741453881356,1.2298493417752565,1.0710751665673397,0.19217780618106617,0.1673675537109375,7.817474365234375,1
train_134,0.20300378543629366,1.2267027787150389,1.1339103622414295,0.19224063648897058,0.17769883099724265,5.312591552734375,1
train_156,0.205413531853171,1.018479614327386,1.1747543452725662,0.1788601146024816,0.20630427341835172,7.1402587890625,1
train_410,0.2800814920462814,1.1870023517624568,1.0819738472270848,0.2741428749234069,0.24988612754672182,7.415802001953125,1
train_356,0.17256938297047336,1.3697491763906364,0.9976228451168919,0.18811238606770833,0.13700699151731005,6.56005859375,1
train_147,0.2602802066578585,1.0542516769758565,1.1887756139760022,0.22653467514935663,0.25544080547257964,7.8345947265625,1
train_304,0.28125742863673797,0.9919570497564166,1.0354235162682415,0.2720366234872855,0.283956969018076,5.260009765625,1
train_163,0.23404492073807065,1.301478256947087,1.2247632152864136,0.2100354362936581,0.1976549933938419,7.079986572265625,1
train_196,0.4736209908279718,0.9911824973976336,1.1089632183866531,0.4307638130935968,0.48195082720588234,3.550079345703125,1
train_181,0.11793829255945544,1.6531966665494566,1.6154881210824243,0.08707329245174632,0.08508719649969362,8.96484375,1
train_185,0.35316841741823685,0.9147828604704377,1.373756411392731,0.25789782954197304,0.3872927796606924,10.794281005859375,1
train_500,0.47758853269090845,1.1058866495203425,1.0755766378876217,0.4609178131701899,0.448285031786152,10.132568359375,1
train_369,0.20243351254930683,1.189721782488311,1.1975038984032655,0.18108526491651347,0.18226976581648285,8.312713623046875,1
train_114,0.2226347985361137,1.2673747972569889,1.1478653834991732,0.21031015433517156,0.19047857546338848,6.652496337890625,1
train_266,0.15635739680271524,1.1191065018589164,1.3979137976002214,0.11953322466681986,0.1493129954618566,7.262908935546875,1
train_406,0.437875566669539,1.0889808981332942,1.1451792255806414,0.3978334314682904,0.4183641620710784,4.161895751953125,1
train_371,0.20539841404335174,1.3658081501464032,1.2594520882266167,0.18192707136565564,0.1677603328929228,9.2471923828125,1
train_80,0.4809653666178385,0.97845627891184,1.1082046826060301,0.43598674699371937,0.49380086263020834,4.03118896484375,1
train_71,0.239788212854722,1.0074081398323782,1.1459160588025898,0.21281175800398283,0.24207111433440565,8.004425048828125,1
train_380,0.28057925343233,1.2915563311090499,1.0748109994184598,0.2823476753982843,0.2349648868336397,5.7227783203125,1
train_364,0.35073556620279944,1.1389174605147345,1.084488592948368,0.33877491670496324,0.3225848628025429,7.42633056640625,1
